"acc_val","auc_vals","prec_val","rec_val", "acc_test","auc_test","prec_test","rec_test","prauc_vals","prauc_test","dim","cnn_dim","len_seq", "perm"
0.5454545454809777,0.5047062594010666,0.30651105651105653,0.35140845070422533,0.5420994475335706,0.47654,0.26094781043791243,0.3411764705882353,0.30470641301789614,0.27068288141494823,50,200,200,permutation_1_10
0.5912416851176919,0.5370675794247687,0.3441295546558704,0.32922535211267606,0.5696132596816806,0.4979441327300151,0.2842476740455566,0.3474509803921569,0.33500085402055213,0.2797507588744662,50,200,200,permutation_1_10
0.5895787139425257,0.5483282909430693,0.34529791816223976,0.3387323943661972,0.5745856355567005,0.4995052790346908,0.28040540540540543,0.3254901960784314,0.3385461205038286,0.30311699378721846,50,200,200,permutation_1_10
